<?xml version="1.0" encoding="UTF-8"?>
<beans:beans xmlns="http://www.springframework.org/schema/mvc"
	xmlns:xsi="http://www.w3.org/2001/XMLSchema-instance" xmlns:beans="http://www.springframework.org/schema/beans"
	xmlns:context="http://www.springframework.org/schema/context" xmlns:tx="http://www.springframework.org/schema/tx"
	xsi:schemaLocation="http://www.springframework.org/schema/mvc http://www.springframework.org/schema/mvc/spring-mvc.xsd
		http://www.springframework.org/schema/beans http://www.springframework.org/schema/beans/spring-beans.xsd
		http://www.springframework.org/schema/context http://www.springframework.org/schema/context/spring-context.xsd
		http://www.springframework.org/schema/tx http://www.springframework.org/schema/tx/spring-tx-4.0.xsd">
   

  <context:annotation-config />
	<!-- Enables the Spring MVC @Controller programming model -->
	<annotation-driven />  

	<!-- Handles HTTP GET requests for /resources/** by efficiently serving 
		up static resources in the ${webappRoot}/resources directory -->
	<resources mapping="/resources/**" location="/resources/" />

	<!-- Resolves views selected for rendering by @Controllers to .jsp resources 
		in the /WEB-INF/views directory -->
	<beans:bean
		class="org.springframework.web.servlet.view.InternalResourceViewResolver">
		<beans:property name="prefix" value="/WEB-INF/views/" />
		<beans:property name="suffix" value=".jsp" />
	</beans:bean>
<beans:bean class="org.springframework.beans.factory.config.PropertyPlaceholderConfigurer">
<beans:property name="location" value="classpath:language.properties"></beans:property></beans:bean>
	<beans:bean id="dataSource" class="org.springframework.jdbc.datasource.DriverManagerDataSource"
		>
		<beans:property name="driverClassName" value="com.mysql.jdbc.Driver" />
		<beans:property name="url"
			value="jdbc:mysql://localhost:3306/studdb" />
		<beans:property name="username" value="root" />
		<beans:property name="password" value="root" />
	</beans:bean>

    <!-- Hibernate SessionFactory -->
    <beans:bean id="sessionFactory"
        class="org.springframework.orm.hibernate4.LocalSessionFactoryBean">
        <beans:property name="dataSource" ref="dataSource" />
        <beans:property name="annotatedClasses">
            <beans:list>
                <beans:value>com.hcl.demo.model.College</beans:value>
                <beans:value>com.hcl.demo.model.CourseDetails</beans:value>
                <beans:value>com.hcl.demo.model.Student</beans:value>
                <beans:value>com.hcl.demo.model.Academic</beans:value>
            </beans:list>
        </beans:property>
        <beans:property name="hibernateProperties">
            <beans:value>
                hibernate.hbm2ddl.auto=update
                hibernate.dialect=org.hibernate.dialect.MySQL5Dialect
                hibernate.show-sql=true
            </beans:value>
        </beans:property>
    </beans:bean>

    <!-- Transaction Management -->
    <tx:annotation-driven transaction-manager="txManager" />
    <beans:bean id="txManager"
        class="org.springframework.orm.hibernate4.HibernateTransactionManager">
        <beans:property name="sessionFactory" ref="sessionFactory" />
    </beans:bean>

    <!-- Java Bean -->
    <beans:bean id="studDAO" class="com.hcl.demo.impl.StudentDAOImpl" /> 
 	<beans:bean id="studService" class="com.hcl.demo.impl.StudentServiceImpl" />

	<context:component-scan base-package="com.hcl.demo.controller" />
	<!--  internationalization -->
     
     
	
</beans:beans>
